JOSÉ MARIA DE ALMEIDA,AC,112
JOSÉ MARIA DE ALMEIDA,AL,1197
JOSÉ MARIA DE ALMEIDA,AM,1353
JOSÉ MARIA DE ALMEIDA,AP,1122
JOSÉ MARIA DE ALMEIDA,BA,3508
JOSÉ MARIA DE ALMEIDA,CE,4661
JOSÉ MARIA DE ALMEIDA,DF,1495
JOSÉ MARIA DE ALMEIDA,ES,1313
JOSÉ MARIA DE ALMEIDA,GO,1765
JOSÉ MARIA DE ALMEIDA,MA,4340
JOSÉ MARIA DE ALMEIDA,MG,8358
JOSÉ MARIA DE ALMEIDA,MS,977
JOSÉ MARIA DE ALMEIDA,MT,474
JOSÉ MARIA DE ALMEIDA,PA,3012
JOSÉ MARIA DE ALMEIDA,PB,1071
JOSÉ MARIA DE ALMEIDA,PE,2760
JOSÉ MARIA DE ALMEIDA,PI,1456
JOSÉ MARIA DE ALMEIDA,PR,4552
JOSÉ MARIA DE ALMEIDA,RJ,14430
JOSÉ MARIA DE ALMEIDA,RN,2830
JOSÉ MARIA DE ALMEIDA,RO,429
JOSÉ MARIA DE ALMEIDA,RR,209
JOSÉ MARIA DE ALMEIDA,RS,4083
JOSÉ MARIA DE ALMEIDA,SC,3975
JOSÉ MARIA DE ALMEIDA,SE,1703
JOSÉ MARIA DE ALMEIDA,SP,19129
JOSÉ MARIA DE ALMEIDA,TO,247
JOSÉ MARIA DE ALMEIDA,ZZ,648
JOSÉ LEVY FIDELIX DA CRUZ,AC,639
JOSÉ LEVY FIDELIX DA CRUZ,AL,7069
JOSÉ LEVY FIDELIX DA CRUZ,AM,10261
JOSÉ LEVY FIDELIX DA CRUZ,AP,1549
JOSÉ LEVY FIDELIX DA CRUZ,BA,15336
JOSÉ LEVY FIDELIX DA CRUZ,CE,15971
JOSÉ LEVY FIDELIX DA CRUZ,DF,15270
JOSÉ LEVY FIDELIX DA CRUZ,ES,9021
JOSÉ LEVY FIDELIX DA CRUZ,GO,12393
JOSÉ LEVY FIDELIX DA CRUZ,MA,6707
JOSÉ LEVY FIDELIX DA CRUZ,MG,25939
JOSÉ LEVY FIDELIX DA CRUZ,MS,4623
JOSÉ LEVY FIDELIX DA CRUZ,MT,4462
JOSÉ LEVY FIDELIX DA CRUZ,PA,11501
JOSÉ LEVY FIDELIX DA CRUZ,PB,7539
JOSÉ LEVY FIDELIX DA CRUZ,PE,11498
JOSÉ LEVY FIDELIX DA CRUZ,PI,2338
JOSÉ LEVY FIDELIX DA CRUZ,PR,33612
JOSÉ LEVY FIDELIX DA CRUZ,RJ,65015
JOSÉ LEVY FIDELIX DA CRUZ,RN,5292
JOSÉ LEVY FIDELIX DA CRUZ,RO,3819
JOSÉ LEVY FIDELIX DA CRUZ,RR,1285
JOSÉ LEVY FIDELIX DA CRUZ,RS,17954
JOSÉ LEVY FIDELIX DA CRUZ,SC,15774
JOSÉ LEVY FIDELIX DA CRUZ,SE,3677
JOSÉ LEVY FIDELIX DA CRUZ,SP,136244
JOSÉ LEVY FIDELIX DA CRUZ,TO,1654
JOSÉ LEVY FIDELIX DA CRUZ,ZZ,436
MAURO LUÍS IASI,AC,68
MAURO LUÍS IASI,AL,892
MAURO LUÍS IASI,AM,545
MAURO LUÍS IASI,AP,162
MAURO LUÍS IASI,BA,2890
MAURO LUÍS IASI,CE,1832
MAURO LUÍS IASI,DF,559
MAURO LUÍS IASI,ES,723
MAURO LUÍS IASI,GO,1256
MAURO LUÍS IASI,MA,1151
MAURO LUÍS IASI,MG,5469
MAURO LUÍS IASI,MS,390
MAURO LUÍS IASI,MT,529
MAURO LUÍS IASI,PA,833
MAURO LUÍS IASI,PB,796
MAURO LUÍS IASI,PE,1719
MAURO LUÍS IASI,PI,487
MAURO LUÍS IASI,PR,2409
MAURO LUÍS IASI,RJ,8548
MAURO LUÍS IASI,RN,641
MAURO LUÍS IASI,RO,208
MAURO LUÍS IASI,RR,71
MAURO LUÍS IASI,RS,2301
MAURO LUÍS IASI,SC,1413
MAURO LUÍS IASI,SE,764
MAURO LUÍS IASI,SP,10667
MAURO LUÍS IASI,TO,261
MAURO LUÍS IASI,ZZ,261
LUCIANA KREBS GENRO,AC,867
LUCIANA KREBS GENRO,AL,15236
LUCIANA KREBS GENRO,AM,15957
LUCIANA KREBS GENRO,AP,4008
LUCIANA KREBS GENRO,BA,55837
LUCIANA KREBS GENRO,CE,52484
LUCIANA KREBS GENRO,DF,31435
LUCIANA KREBS GENRO,ES,19016
LUCIANA KREBS GENRO,GO,30411
LUCIANA KREBS GENRO,MA,13100
LUCIANA KREBS GENRO,MG,139889
LUCIANA KREBS GENRO,MS,10708
LUCIANA KREBS GENRO,MT,10093
LUCIANA KREBS GENRO,PA,40353
LUCIANA KREBS GENRO,PB,16847
LUCIANA KREBS GENRO,PE,40455
LUCIANA KREBS GENRO,PI,10159
LUCIANA KREBS GENRO,PR,79267
LUCIANA KREBS GENRO,RJ,227432
LUCIANA KREBS GENRO,RN,20212
LUCIANA KREBS GENRO,RO,4664
LUCIANA KREBS GENRO,RR,2815
LUCIANA KREBS GENRO,RS,143370
LUCIANA KREBS GENRO,SC,53532
LUCIANA KREBS GENRO,SE,12827
LUCIANA KREBS GENRO,SP,554863
LUCIANA KREBS GENRO,TO,2875
LUCIANA KREBS GENRO,ZZ,3474
EDUARDO JORGE MARTINS ALVES SOBRINHO,AC,597
EDUARDO JORGE MARTINS ALVES SOBRINHO,AL,3552
EDUARDO JORGE MARTINS ALVES SOBRINHO,AM,4395
EDUARDO JORGE MARTINS ALVES SOBRINHO,AP,1254
EDUARDO JORGE MARTINS ALVES SOBRINHO,BA,15722
EDUARDO JORGE MARTINS ALVES SOBRINHO,CE,14094
EDUARDO JORGE MARTINS ALVES SOBRINHO,DF,19478
EDUARDO JORGE MARTINS ALVES SOBRINHO,ES,11875
EDUARDO JORGE MARTINS ALVES SOBRINHO,GO,12259
EDUARDO JORGE MARTINS ALVES SOBRINHO,MA,6965
EDUARDO JORGE MARTINS ALVES SOBRINHO,MG,54483
EDUARDO JORGE MARTINS ALVES SOBRINHO,MS,4093
EDUARDO JORGE MARTINS ALVES SOBRINHO,MT,4128
EDUARDO JORGE MARTINS ALVES SOBRINHO,PA,12260
EDUARDO JORGE MARTINS ALVES SOBRINHO,PB,7791
EDUARDO JORGE MARTINS ALVES SOBRINHO,PE,13349
EDUARDO JORGE MARTINS ALVES SOBRINHO,PI,4385
EDUARDO JORGE MARTINS ALVES SOBRINHO,PR,44755
EDUARDO JORGE MARTINS ALVES SOBRINHO,RJ,68032
EDUARDO JORGE MARTINS ALVES SOBRINHO,RN,5346
EDUARDO JORGE MARTINS ALVES SOBRINHO,RO,2368
EDUARDO JORGE MARTINS ALVES SOBRINHO,RR,780
EDUARDO JORGE MARTINS ALVES SOBRINHO,RS,43703
EDUARDO JORGE MARTINS ALVES SOBRINHO,SC,30239
EDUARDO JORGE MARTINS ALVES SOBRINHO,SE,3733
EDUARDO JORGE MARTINS ALVES SOBRINHO,SP,236966
EDUARDO JORGE MARTINS ALVES SOBRINHO,TO,1430
EDUARDO JORGE MARTINS ALVES SOBRINHO,ZZ,2067
EVERALDO DIAS PEREIRA,AC,1203
EVERALDO DIAS PEREIRA,AL,8413
EVERALDO DIAS PEREIRA,AM,42697
EVERALDO DIAS PEREIRA,AP,5116
EVERALDO DIAS PEREIRA,BA,37194
EVERALDO DIAS PEREIRA,CE,25749
EVERALDO DIAS PEREIRA,DF,10053
EVERALDO DIAS PEREIRA,ES,16138
EVERALDO DIAS PEREIRA,GO,19005
EVERALDO DIAS PEREIRA,MA,22389
EVERALDO DIAS PEREIRA,MG,67486
EVERALDO DIAS PEREIRA,MS,6977
EVERALDO DIAS PEREIRA,MT,9129
EVERALDO DIAS PEREIRA,PA,43068
EVERALDO DIAS PEREIRA,PB,12102
EVERALDO DIAS PEREIRA,PE,15691
EVERALDO DIAS PEREIRA,PI,6284
EVERALDO DIAS PEREIRA,PR,40656
EVERALDO DIAS PEREIRA,RJ,136163
EVERALDO DIAS PEREIRA,RN,13316
EVERALDO DIAS PEREIRA,RO,12512
EVERALDO DIAS PEREIRA,RR,5194
EVERALDO DIAS PEREIRA,RS,33053
EVERALDO DIAS PEREIRA,SC,23661
EVERALDO DIAS PEREIRA,SE,18776
EVERALDO DIAS PEREIRA,SP,142842
EVERALDO DIAS PEREIRA,TO,4740
EVERALDO DIAS PEREIRA,ZZ,906
JOSE MARIA EYMAEL,AC,282
JOSE MARIA EYMAEL,AL,610
JOSE MARIA EYMAEL,AM,621
JOSE MARIA EYMAEL,AP,435
JOSE MARIA EYMAEL,BA,1828
JOSE MARIA EYMAEL,CE,3193
JOSE MARIA EYMAEL,DF,1295
JOSE MARIA EYMAEL,ES,1133
JOSE MARIA EYMAEL,GO,1948
JOSE MARIA EYMAEL,MA,2205
JOSE MARIA EYMAEL,MG,5545
JOSE MARIA EYMAEL,MS,478
JOSE MARIA EYMAEL,MT,470
JOSE MARIA EYMAEL,PA,915
JOSE MARIA EYMAEL,PB,911
JOSE MARIA EYMAEL,PE,1266
JOSE MARIA EYMAEL,PI,752
JOSE MARIA EYMAEL,PR,4828
JOSE MARIA EYMAEL,RJ,11754
JOSE MARIA EYMAEL,RN,929
JOSE MARIA EYMAEL,RO,634
JOSE MARIA EYMAEL,RR,515
JOSE MARIA EYMAEL,RS,2255
JOSE MARIA EYMAEL,SC,2005
JOSE MARIA EYMAEL,SE,431
JOSE MARIA EYMAEL,SP,13510
JOSE MARIA EYMAEL,TO,221
JOSE MARIA EYMAEL,ZZ,281
RUI COSTA PIMENTA,AC,14
RUI COSTA PIMENTA,AL,125
RUI COSTA PIMENTA,AM,98
RUI COSTA PIMENTA,AP,21
RUI COSTA PIMENTA,BA,555
RUI COSTA PIMENTA,CE,342
RUI COSTA PIMENTA,DF,473
RUI COSTA PIMENTA,ES,215
RUI COSTA PIMENTA,GO,301
RUI COSTA PIMENTA,MA,158
RUI COSTA PIMENTA,MG,1489
RUI COSTA PIMENTA,MS,97
RUI COSTA PIMENTA,MT,101
RUI COSTA PIMENTA,PA,207
RUI COSTA PIMENTA,PB,247
RUI COSTA PIMENTA,PE,322
RUI COSTA PIMENTA,PI,151
RUI COSTA PIMENTA,PR,560
RUI COSTA PIMENTA,RJ,1450
RUI COSTA PIMENTA,RN,162
RUI COSTA PIMENTA,RO,63
RUI COSTA PIMENTA,RR,48
RUI COSTA PIMENTA,RS,505
RUI COSTA PIMENTA,SC,390
RUI COSTA PIMENTA,SE,142
RUI COSTA PIMENTA,SP,3971
RUI COSTA PIMENTA,TO,44
RUI COSTA PIMENTA,ZZ,73
DILMA VANA ROUSSEFF,AC,111641
DILMA VANA ROUSSEFF,AL,703809
DILMA VANA ROUSSEFF,AM,915299
DILMA VANA ROUSSEFF,AP,199016
DILMA VANA ROUSSEFF,BA,4292850
DILMA VANA ROUSSEFF,CE,3087658
DILMA VANA ROUSSEFF,DF,363861
DILMA VANA ROUSSEFF,ES,653839
DILMA VANA ROUSSEFF,GO,1035911
DILMA VANA ROUSSEFF,MA,2187864
DILMA VANA ROUSSEFF,MG,4830867
DILMA VANA ROUSSEFF,MS,507063
DILMA VANA ROUSSEFF,MT,616411
DILMA VANA ROUSSEFF,PA,2040981
DILMA VANA ROUSSEFF,PB,1166860
DILMA VANA ROUSSEFF,PE,2127010
DILMA VANA ROUSSEFF,PI,1235337
DILMA VANA ROUSSEFF,PR,1973421
DILMA VANA ROUSSEFF,RJ,2971736
DILMA VANA ROUSSEFF,RN,999625
DILMA VANA ROUSSEFF,RO,345305
DILMA VANA ROUSSEFF,RR,82942
DILMA VANA ROUSSEFF,RS,2752075
DILMA VANA ROUSSEFF,SC,1141102
DILMA VANA ROUSSEFF,SE,601740
DILMA VANA ROUSSEFF,SP,5930661
DILMA VANA ROUSSEFF,TO,368431
DILMA VANA ROUSSEFF,ZZ,24353
AÉCIO NEVES DA CUNHA,AC,116109
AÉCIO NEVES DA CUNHA,AL,311830
AÉCIO NEVES DA CUNHA,AM,326257
AÉCIO NEVES DA CUNHA,AP,99125
AÉCIO NEVES DA CUNHA,BA,1277512
AÉCIO NEVES DA CUNHA,CE,677587
AÉCIO NEVES DA CUNHA,DF,570494
AÉCIO NEVES DA CUNHA,ES,694085
AÉCIO NEVES DA CUNHA,GO,1341320
AÉCIO NEVES DA CUNHA,MA,365655
AÉCIO NEVES DA CUNHA,MG,4417876
AÉCIO NEVES DA CUNHA,MS,558826
AÉCIO NEVES DA CUNHA,MT,693755
AÉCIO NEVES DA CUNHA,PA,1058334
AÉCIO NEVES DA CUNHA,PB,490962
AÉCIO NEVES DA CUNHA,PE,285315
AÉCIO NEVES DA CUNHA,PI,242256
AÉCIO NEVES DA CUNHA,PR,3021988
AÉCIO NEVES DA CUNHA,RJ,2249662
AÉCIO NEVES DA CUNHA,RN,330264
AÉCIO NEVES DA CUNHA,RO,371937
AÉCIO NEVES DA CUNHA,RR,109070
AÉCIO NEVES DA CUNHA,RS,2639647
AÉCIO NEVES DA CUNHA,SC,1963772
AÉCIO NEVES DA CUNHA,SE,248756
AÉCIO NEVES DA CUNHA,SP,10165921
AÉCIO NEVES DA CUNHA,TO,203183
AÉCIO NEVES DA CUNHA,ZZ,65713
MARIA OSMARINA MARINA DA SILVA VAZ DE LIMA,AC,167603
MARIA OSMARINA MARINA DA SILVA VAZ DE LIMA,AL,356803
MARIA OSMARINA MARINA DA SILVA VAZ DE LIMA,AM,361632
MARIA OSMARINA MARINA DA SILVA VAZ DE LIMA,AP,77791
MARIA OSMARINA MARINA DA SILVA VAZ DE LIMA,BA,1284711
MARIA OSMARINA MARINA DA SILVA VAZ DE LIMA,CE,638614
MARIA OSMARINA MARINA DA SILVA VAZ DE LIMA,DF,565279
MARIA OSMARINA MARINA DA SILVA VAZ DE LIMA,ES,567964
MARIA OSMARINA MARINA DA SILVA VAZ DE LIMA,GO,771591
MARIA OSMARINA MARINA DA SILVA VAZ DE LIMA,MA,535013
MARIA OSMARINA MARINA DA SILVA VAZ DE LIMA,MG,1555553
MARIA OSMARINA MARINA DA SILVA VAZ DE LIMA,MS,257976
MARIA OSMARINA MARINA DA SILVA VAZ DE LIMA,MT,220067
MARIA OSMARINA MARINA DA SILVA VAZ DE LIMA,PA,627319
MARIA OSMARINA MARINA DA SILVA VAZ DE LIMA,PB,393685
MARIA OSMARINA MARINA DA SILVA VAZ DE LIMA,PE,2311491
MARIA OSMARINA MARINA DA SILVA VAZ DE LIMA,PI,246271
MARIA OSMARINA MARINA DA SILVA VAZ DE LIMA,PR,861820
MARIA OSMARINA MARINA DA SILVA VAZ DE LIMA,RJ,2592292
MARIA OSMARINA MARINA DA SILVA VAZ DE LIMA,RN,286301
MARIA OSMARINA MARINA DA SILVA VAZ DE LIMA,RO,86293
MARIA OSMARINA MARINA DA SILVA VAZ DE LIMA,RR,47087
MARIA OSMARINA MARINA DA SILVA VAZ DE LIMA,RS,732828
MARIA OSMARINA MARINA DA SILVA VAZ DE LIMA,SC,476430
MARIA OSMARINA MARINA DA SILVA VAZ DE LIMA,SE,203390
MARIA OSMARINA MARINA DA SILVA VAZ DE LIMA,SP,5765598
MARIA OSMARINA MARINA DA SILVA VAZ DE LIMA,TO,150690
MARIA OSMARINA MARINA DA SILVA VAZ DE LIMA,ZZ,34527
